{
  "hash": "6961ed2d",
  "configHash": "a077b267",
  "lockfileHash": "9b5806da",
  "browserHash": "2b1561cd",
  "optimized": {
    "@angular/common": {
      "src": "../../../../../../node_modules/@angular/common/fesm2022/common.mjs",
      "file": "@angular_common.js",
      "fileHash": "3e6a427c",
      "needsInterop": false
    },
    "@angular/core": {
      "src": "../../../../../../node_modules/@angular/core/fesm2022/core.mjs",
      "file": "@angular_core.js",
      "fileHash": "2faa59c7",
      "needsInterop": false
    },
    "@angular/forms": {
      "src": "../../../../../../node_modules/@angular/forms/fesm2022/forms.mjs",
      "file": "@angular_forms.js",
      "fileHash": "b9aff893",
      "needsInterop": false
    },
    "@angular/platform-browser": {
      "src": "../../../../../../node_modules/@angular/platform-browser/fesm2022/platform-browser.mjs",
      "file": "@angular_platform-browser.js",
      "fileHash": "17fc1dc9",
      "needsInterop": false
    },
    "@angular/router": {
      "src": "../../../../../../node_modules/@angular/router/fesm2022/router.mjs",
      "file": "@angular_router.js",
      "fileHash": "9913c60d",
      "needsInterop": false
    }
  },
  "chunks": {
    "chunk-CPOZBNXZ": {
      "file": "chunk-CPOZBNXZ.js"
    },
    "chunk-SFOYTQF7": {
      "file": "chunk-SFOYTQF7.js"
    },
    "chunk-OPCQPQRU": {
      "file": "chunk-OPCQPQRU.js"
    }
  }
}